model_state_dict/encoder/conv1/weight,model_state_dict/encoder/conv1/inner_conv/weight
model_state_dict/encoder/conv1/bias,model_state_dict/encoder/conv1/inner_conv/bias
model_state_dict/encoder/conv2/weight,model_state_dict/encoder/conv2/inner_conv/weight
model_state_dict/encoder/conv2/bias,model_state_dict/encoder/conv2/inner_conv/bias
model_state_dict/encoder/blocks/0/attn_ln/bias,model_state_dict/encoder/blocks/0/attn_ln/inner_layer_norm/bias
model_state_dict/encoder/blocks/0/attn_ln/weight,model_state_dict/encoder/blocks/0/attn_ln/inner_layer_norm/weight
model_state_dict/encoder/blocks/0/mlp_ln/bias,model_state_dict/encoder/blocks/0/mlp_ln/inner_layer_norm/bias
model_state_dict/encoder/blocks/0/mlp_ln/weight,model_state_dict/encoder/blocks/0/mlp_ln/inner_layer_norm/weight
model_state_dict/encoder/blocks/1/attn_ln/bias,model_state_dict/encoder/blocks/1/attn_ln/inner_layer_norm/bias
model_state_dict/encoder/blocks/1/attn_ln/weight,model_state_dict/encoder/blocks/1/attn_ln/inner_layer_norm/weight
model_state_dict/encoder/blocks/1/mlp_ln/bias,model_state_dict/encoder/blocks/1/mlp_ln/inner_layer_norm/bias
model_state_dict/encoder/blocks/1/mlp_ln/weight,model_state_dict/encoder/blocks/1/mlp_ln/inner_layer_norm/weight
model_state_dict/encoder/blocks/2/attn_ln/bias,model_state_dict/encoder/blocks/2/attn_ln/inner_layer_norm/bias
model_state_dict/encoder/blocks/2/attn_ln/weight,model_state_dict/encoder/blocks/2/attn_ln/inner_layer_norm/weight
model_state_dict/encoder/blocks/2/mlp_ln/bias,model_state_dict/encoder/blocks/2/mlp_ln/inner_layer_norm/bias
model_state_dict/encoder/blocks/2/mlp_ln/weight,model_state_dict/encoder/blocks/2/mlp_ln/inner_layer_norm/weight
model_state_dict/encoder/blocks/3/attn_ln/bias,model_state_dict/encoder/blocks/3/attn_ln/inner_layer_norm/bias
model_state_dict/encoder/blocks/3/attn_ln/weight,model_state_dict/encoder/blocks/3/attn_ln/inner_layer_norm/weight
model_state_dict/encoder/blocks/3/mlp_ln/bias,model_state_dict/encoder/blocks/3/mlp_ln/inner_layer_norm/bias
model_state_dict/encoder/blocks/3/mlp_ln/weight,model_state_dict/encoder/blocks/3/mlp_ln/inner_layer_norm/weight
model_state_dict/encoder/blocks/4/attn_ln/bias,model_state_dict/encoder/blocks/4/attn_ln/inner_layer_norm/bias
model_state_dict/encoder/blocks/4/attn_ln/weight,model_state_dict/encoder/blocks/4/attn_ln/inner_layer_norm/weight
model_state_dict/encoder/blocks/4/mlp_ln/bias,model_state_dict/encoder/blocks/4/mlp_ln/inner_layer_norm/bias
model_state_dict/encoder/blocks/4/mlp_ln/weight,model_state_dict/encoder/blocks/4/mlp_ln/inner_layer_norm/weight
model_state_dict/encoder/blocks/5/attn_ln/bias,model_state_dict/encoder/blocks/5/attn_ln/inner_layer_norm/bias
model_state_dict/encoder/blocks/5/attn_ln/weight,model_state_dict/encoder/blocks/5/attn_ln/inner_layer_norm/weight
model_state_dict/encoder/blocks/5/mlp_ln/bias,model_state_dict/encoder/blocks/5/mlp_ln/inner_layer_norm/bias
model_state_dict/encoder/blocks/5/mlp_ln/weight,model_state_dict/encoder/blocks/5/mlp_ln/inner_layer_norm/weight
model_state_dict/encoder/ln_post/bias,model_state_dict/encoder/ln_post/inner_layer_norm/bias
model_state_dict/encoder/ln_post/weight,model_state_dict/encoder/ln_post/inner_layer_norm/weight
model_state_dict/decoder/blocks/0/attn_ln/bias,model_state_dict/decoder/blocks/0/attn_ln/inner_layer_norm/bias
model_state_dict/decoder/blocks/0/attn_ln/weight,model_state_dict/decoder/blocks/0/attn_ln/inner_layer_norm/weight
model_state_dict/decoder/blocks/0/cross_attn_ln/bias,model_state_dict/decoder/blocks/0/cross_attn_ln/inner_layer_norm/bias
model_state_dict/decoder/blocks/0/cross_attn_ln/weight,model_state_dict/decoder/blocks/0/cross_attn_ln/inner_layer_norm/weight
model_state_dict/decoder/blocks/0/mlp_ln/bias,model_state_dict/decoder/blocks/0/mlp_ln/inner_layer_norm/bias
model_state_dict/decoder/blocks/0/mlp_ln/weight,model_state_dict/decoder/blocks/0/mlp_ln/inner_layer_norm/weight
model_state_dict/decoder/blocks/1/attn_ln/bias,model_state_dict/decoder/blocks/1/attn_ln/inner_layer_norm/bias
model_state_dict/decoder/blocks/1/attn_ln/weight,model_state_dict/decoder/blocks/1/attn_ln/inner_layer_norm/weight
model_state_dict/decoder/blocks/1/cross_attn_ln/bias,model_state_dict/decoder/blocks/1/cross_attn_ln/inner_layer_norm/bias
model_state_dict/decoder/blocks/1/cross_attn_ln/weight,model_state_dict/decoder/blocks/1/cross_attn_ln/inner_layer_norm/weight
model_state_dict/decoder/blocks/1/mlp_ln/bias,model_state_dict/decoder/blocks/1/mlp_ln/inner_layer_norm/bias
model_state_dict/decoder/blocks/1/mlp_ln/weight,model_state_dict/decoder/blocks/1/mlp_ln/inner_layer_norm/weight
model_state_dict/decoder/blocks/2/attn_ln/bias,model_state_dict/decoder/blocks/2/attn_ln/inner_layer_norm/bias
model_state_dict/decoder/blocks/2/attn_ln/weight,model_state_dict/decoder/blocks/2/attn_ln/inner_layer_norm/weight
model_state_dict/decoder/blocks/2/cross_attn_ln/bias,model_state_dict/decoder/blocks/2/cross_attn_ln/inner_layer_norm/bias
model_state_dict/decoder/blocks/2/cross_attn_ln/weight,model_state_dict/decoder/blocks/2/cross_attn_ln/inner_layer_norm/weight
model_state_dict/decoder/blocks/2/mlp_ln/bias,model_state_dict/decoder/blocks/2/mlp_ln/inner_layer_norm/bias
model_state_dict/decoder/blocks/2/mlp_ln/weight,model_state_dict/decoder/blocks/2/mlp_ln/inner_layer_norm/weight
model_state_dict/decoder/blocks/3/attn_ln/bias,model_state_dict/decoder/blocks/3/attn_ln/inner_layer_norm/bias
model_state_dict/decoder/blocks/3/attn_ln/weight,model_state_dict/decoder/blocks/3/attn_ln/inner_layer_norm/weight
model_state_dict/decoder/blocks/3/cross_attn_ln/bias,model_state_dict/decoder/blocks/3/cross_attn_ln/inner_layer_norm/bias
model_state_dict/decoder/blocks/3/cross_attn_ln/weight,model_state_dict/decoder/blocks/3/cross_attn_ln/inner_layer_norm/weight
model_state_dict/decoder/blocks/3/mlp_ln/bias,model_state_dict/decoder/blocks/3/mlp_ln/inner_layer_norm/bias
model_state_dict/decoder/blocks/3/mlp_ln/weight,model_state_dict/decoder/blocks/3/mlp_ln/inner_layer_norm/weight
model_state_dict/decoder/blocks/4/attn_ln/bias,model_state_dict/decoder/blocks/4/attn_ln/inner_layer_norm/bias
model_state_dict/decoder/blocks/4/attn_ln/weight,model_state_dict/decoder/blocks/4/attn_ln/inner_layer_norm/weight
model_state_dict/decoder/blocks/4/cross_attn_ln/bias,model_state_dict/decoder/blocks/4/cross_attn_ln/inner_layer_norm/bias
model_state_dict/decoder/blocks/4/cross_attn_ln/weight,model_state_dict/decoder/blocks/4/cross_attn_ln/inner_layer_norm/weight
model_state_dict/decoder/blocks/4/mlp_ln/bias,model_state_dict/decoder/blocks/4/mlp_ln/inner_layer_norm/bias
model_state_dict/decoder/blocks/4/mlp_ln/weight,model_state_dict/decoder/blocks/4/mlp_ln/inner_layer_norm/weight
model_state_dict/decoder/blocks/5/attn_ln/bias,model_state_dict/decoder/blocks/5/attn_ln/inner_layer_norm/bias
model_state_dict/decoder/blocks/5/attn_ln/weight,model_state_dict/decoder/blocks/5/attn_ln/inner_layer_norm/weight
model_state_dict/decoder/blocks/5/cross_attn_ln/bias,model_state_dict/decoder/blocks/5/cross_attn_ln/inner_layer_norm/bias
model_state_dict/decoder/blocks/5/cross_attn_ln/weight,model_state_dict/decoder/blocks/5/cross_attn_ln/inner_layer_norm/weight
model_state_dict/decoder/blocks/5/mlp_ln/bias,model_state_dict/decoder/blocks/5/mlp_ln/inner_layer_norm/bias
model_state_dict/decoder/blocks/5/mlp_ln/weight,model_state_dict/decoder/blocks/5/mlp_ln/inner_layer_norm/weight
model_state_dict/decoder/ln/bias,model_state_dict/decoder/ln/inner_layer_norm/bias
model_state_dict/decoder/ln/weight,model_state_dict/decoder/ln/inner_layer_norm/weight